act_symbol,date,open,high,low,close,volume
BA,2023-06-01,206.46,210.23,206.0,207.96,5125109
BA,2023-06-02,210.0,215.24,210.0,213.32,7486308
BA,2023-06-05,213.28,213.28,207.5,208.78,5781322
BA,2023-06-06,208.37,211.68,200.61,207.29,10957198
BA,2023-06-07,207.99,212.38,207.2,211.93,6462432
BA,2023-06-08,212.34,220.0,212.05,218.11,9364667
BA,2023-06-09,217.99,219.1574,215.69,217.31,5300206
BA,2023-06-12,217.16,223.91,216.63,221.56,8072612
BA,2023-06-13,222.35,223.12,219.35,220.38,5880966
BA,2023-06-14,221.4,221.585,216.0313,216.9,5629070
BA,2023-06-15,217.17,220.61,215.31,219.41,5001432
BA,2023-06-16,220.72,223.87,218.975,219.99,7803924
BA,2023-06-20,218.89,219.29,211.88,212.37,8226380
BA,2023-06-21,211.83,212.99,209.3875,212.08,5356372
BA,2023-06-22,205.61,208.4999,203.65,205.61,7066256
BA,2023-06-23,204.02,205.61,202.55,205.41,6338199
BA,2023-06-26,206.11,207.09,204.66,205.58,3437685
BA,2023-06-27,206.15,209.66,206.08,209.43,4465457
BA,2023-06-28,211.21,212.19,209.45,210.72,4276103
BA,2023-06-29,211.12,213.22,210.23,211.83,3443612
BA,2023-06-30,213.14,213.24,209.38,211.16,5488713
BA,2023-07-03,210.5,212.1686,210.24,210.92,2143048
BA,2023-07-05,210.0,214.28,207.89,213.31,4928368
BA,2023-07-06,212.48,213.61,209.58,212.62,4683145
BA,2023-07-07,212.94,215.66,211.83,212.1,4893550
BA,2023-07-10,211.84,213.59,211.22,213.31,3497125
BA,2023-07-11,212.915,218.98,211.35,218.76,7458378
BA,2023-07-12,219.51,221.56,216.92,217.11,5123178
BA,2023-07-13,218.13,218.9,216.3,216.85,4291709
BA,2023-07-14,217.0,217.016,212.81,213.12,4294849
BA,2023-07-17,212.5,214.23,211.735,211.87,3621509
BA,2023-07-18,211.0,213.04,209.5699,211.57,5895773
BA,2023-07-19,211.12,211.87,208.235,208.6,4814145
BA,2023-07-20,208.83,215.1,208.8,213.61,5782187
BA,2023-07-21,213.89,215.6,211.64,211.8,4056796
BA,2023-07-24,212.06,215.94,211.46,215.87,4898343
BA,2023-07-25,214.2,214.82,210.81,214.12,6513323
BA,2023-07-26,222.16,233.09,221.77,232.8,24923796
BA,2023-07-27,235.245,238.67,231.83,233.75,12018316
BA,2023-07-28,236.12,240.13,235.7,238.69,7059533
BA,2023-07-31,238.99,239.07,236.21,238.85,4897581
BA,2023-08-01,237.55,243.1,237.31,238.01,4983841
BA,2023-08-02,234.985,236.68,230.69,231.38,5332961
BA,2023-08-03,231.0,233.577,230.4,231.36,3285836
BA,2023-08-04,232.29,234.91,230.08,231.36,3500705
BA,2023-08-07,232.74,238.98,232.74,238.25,6068011
BA,2023-08-08,236.52,240.73,236.0,238.04,5149186
BA,2023-08-09,238.54,241.24,236.4061,237.86,4044412
BA,2023-08-10,238.45,241.58,237.04,238.26,3710810
BA,2023-08-11,237.61,238.26,235.12,235.72,2652074
BA,2023-08-14,237.0,238.65,235.75,236.71,2486316
BA,2023-08-15,235.0,235.56,231.5401,232.26,3201850
BA,2023-08-16,231.5,234.67,229.6002,229.95,2273333
BA,2023-08-17,230.57,231.64,224.26,224.54,4359411
BA,2023-08-18,222.23,226.79,221.68,226.65,3583165
BA,2023-08-21,226.8,227.6899,225.1006,227.22,2734616
BA,2023-08-22,228.08,230.48,226.93,230.07,3002331
BA,2023-08-23,230.0,230.54,227.105,228.58,3004522
BA,2023-08-24,222.51,224.2,217.09,217.31,9132572
BA,2023-08-25,218.41,223.77,212.8801,223.41,12352323
BA,2023-08-28,224.21,227.45,223.2901,227.06,4641752
BA,2023-08-29,225.88,229.4,225.6638,227.25,3716672
BA,2023-08-30,227.08,231.17,226.65,228.85,3328306
BA,2023-08-31,229.33,230.4339,222.93,224.03,6953815
BA,2023-09-01,226.0,226.23,221.95,223.4,3658370
BA,2023-09-05,223.1,224.0916,221.2,222.57,3246492
BA,2023-09-06,221.77,222.7878,216.4249,217.95,4233537
BA,2023-09-07,217.5,220.55,214.86,216.05,4929553
BA,2023-09-08,215.825,216.0,210.51,211.27,5759415
BA,2023-09-11,213.76,214.2,208.77,211.01,4522283
BA,2023-09-12,209.35,212.26,208.58,210.65,3256455
BA,2023-09-13,210.0,212.18,207.75,208.4,3538051
BA,2023-09-14,209.14,210.44,208.1,209.05,3974820
BA,2023-09-15,209.28,209.83,206.88,208.11,4670575
BA,2023-09-18,207.91,207.91,204.98,205.12,4299153
BA,2023-09-19,205.395,205.658,202.39,204.48,4021583
BA,2023-09-20,205.87,206.25,202.31,202.37,3742063
BA,2023-09-21,201.0,203.6,199.71,199.95,4751021
BA,2023-09-22,199.96,200.74,197.14,197.71,4452352
BA,2023-09-25,196.84,198.98,195.19,198.78,3527078
BA,2023-09-26,197.79,199.39,195.42,195.64,3666266
BA,2023-09-27,196.01,196.4,192.77,195.46,4010532
BA,2023-09-28,193.7,195.2615,190.03,190.43,8009511
BA,2023-09-29,191.92,192.95,190.17,191.68,5158379
BA,2023-10-02,191.47,192.44,186.93,187.83,5244743
BA,2023-10-03,188.625,192.49,188.2,188.92,7276976
BA,2023-10-04,188.85,190.6324,184.34,186.73,7419796
BA,2023-10-05,186.16,188.095,184.135,186.29,4331651
BA,2023-10-06,185.37,188.64,182.55,187.38,5364252
BA,2023-10-09,188.0,189.49,185.68,188.49,4575846
BA,2023-10-10,190.01,194.3,188.76,193.53,8062372
BA,2023-10-11,195.47,199.6199,194.27,196.07,7372963
BA,2023-10-12,195.1,195.7,189.96,191.3,5667841
BA,2023-10-13,186.27,187.29,183.175,184.91,8199631
BA,2023-10-16,185.91,186.23,182.5,184.93,4700965
BA,2023-10-17,183.75,188.3299,183.3,185.6,5121789
BA,2023-10-18,187.22,190.249,185.05,185.69,6268100
BA,2023-10-19,185.5,187.05,182.54,182.79,4043653
BA,2023-10-20,182.68,183.3899,179.85,180.04,4523502
BA,2023-10-23,179.44,183.72,178.43,181.03,4070653
BA,2023-10-24,183.21,184.35,181.8,182.36,4652871
BA,2023-10-25,186.0,187.0,176.25,177.73,13806357
BA,2023-10-26,177.11,182.95,176.53,179.09,6961816
BA,2023-10-27,180.0,182.3299,179.01,179.69,4606334
BA,2023-10-30,179.42,184.16,179.42,182.35,5507132
BA,2023-10-31,183.38,187.29,181.32,186.82,5043018
BA,2023-11-01,189.69,190.7799,187.501,189.38,5832248
BA,2023-11-02,190.9,192.94,190.34,192.01,4312985
BA,2023-11-03,194.0,197.14,193.71,195.05,4485077
BA,2023-11-06,195.88,196.15,192.46,192.95,4222214
BA,2023-11-07,192.17,192.17,189.57,191.41,4012942
BA,2023-11-08,191.45,192.44,190.135,191.83,2984208
BA,2023-11-09,193.03,197.07,192.56,193.33,4576284
BA,2023-11-10,195.0,197.26,194.21,196.65,4790114
BA,2023-11-13,203.49,206.8486,202.51,204.54,13040323
BA,2023-11-14,207.25,208.56,205.98,207.47,7280093
BA,2023-11-15,208.21,211.09,207.6,208.71,5205857
BA,2023-11-16,207.5,207.89,204.81,206.6,4655083
BA,2023-11-17,208.36,209.42,206.82,208.04,3568495
BA,2023-11-20,211.01,218.88,210.94,217.71,11587364
BA,2023-11-21,216.5,219.375,216.07,218.27,5358487
BA,2023-11-22,218.0,221.5,217.7,219.91,5386264
BA,2023-11-24,220.61,221.59,218.96,220.0,2312134
BA,2023-11-27,218.81,219.53,217.66,219.3,3691175
BA,2023-11-28,222.01,224.8,219.41,222.37,7817755
BA,2023-11-29,223.35,224.99,221.3408,224.43,5424443
BA,2023-11-30,225.0,233.0,224.9957,231.63,8736247
BA,2023-12-01,231.77,235.38,231.38,233.87,6956205
BA,2023-12-04,231.3,234.94,230.07,234.87,5228476
BA,2023-12-05,233.54,234.74,231.49,234.16,3589846
BA,2023-12-06,234.78,239.23,234.43,236.89,4740614
BA,2023-12-07,236.9,238.3,230.0,237.33,6363664
BA,2023-12-08,237.32,244.7,237.32,244.7,7171150
BA,2023-12-11,243.5,248.08,243.31,248.08,7545047
BA,2023-12-12,247.95,250.5686,247.4,248.63,5689220
BA,2023-12-13,249.1,251.87,247.5316,250.91,5513393
BA,2023-12-14,250.91,257.12,249.26,256.24,7883554
BA,2023-12-15,255.7,265.52,255.7,264.27,14995889
BA,2023-12-18,260.63,263.13,260.25,260.41,6115917
BA,2023-12-19,261.04,265.34,260.8001,263.51,6089492
BA,2023-12-20,262.25,266.1298,260.15,260.25,5151674
BA,2023-12-21,265.95,267.54,260.19,262.02,6487150
BA,2023-12-22,261.83,262.8424,259.2,260.44,4433959
BA,2023-12-26,259.8,263.7599,259.54,262.79,3938565
BA,2023-12-27,262.63,264.66,260.9,262.1,3484867
BA,2023-12-28,261.53,262.1,257.68,260.35,5087223
BA,2023-12-29,260.67,262.22,259.5613,260.66,3686554
BA,2024-01-02,257.28,258.59,250.87,251.76,5815219
BA,2024-01-03,248.32,250.13,243.0,243.91,7219930
BA,2024-01-04,244.58,248.28,244.18,244.94,5170739
BA,2024-01-05,245.04,250.19,245.04,249.0,3849746
BA,2024-01-08,228.0,233.85,225.79,229.0,40730433
BA,2024-01-09,225.66,228.7899,223.2,225.76,20687539
BA,2024-01-10,226.9,231.6099,226.64,227.84,12883738
BA,2024-01-11,228.07,228.28,222.62,222.66,11830489
BA,2024-01-12,219.97,222.07,217.04,217.7,11285521
BA,2024-01-16,210.07,210.98,199.5,200.52,34972141
BA,2024-01-17,202.63,206.3,201.65,203.06,20136513
BA,2024-01-18,205.64,213.04,203.315,211.61,20045457
BA,2024-01-19,210.89,215.16,209.23,215.02,14345444
BA,2024-01-22,213.07,217.0,212.36,214.93,10760764
BA,2024-01-23,215.35,216.85,211.13,211.5,9050418
BA,2024-01-24,209.83,217.59,209.355,214.13,15119120
BA,2024-01-25,208.2,208.73,198.32,201.88,22108472
BA,2024-01-26,203.08,206.75,203.0,205.47,9911195
BA,2024-01-29,206.06,207.04,203.85,205.19,7515898
BA,2024-01-30,203.65,203.98,199.14,200.44,13309589
BA,2024-01-31,204.92,213.77,203.25,211.04,22409376
BA,2024-02-01,213.84,214.6324,206.81,209.81,10679209
BA,2024-02-02,209.06,209.54,206.3501,209.38,6275335
BA,2024-02-05,204.64,207.34,202.0,206.63,8682514
BA,2024-02-06,206.02,210.6399,203.89,208.58,7561923
BA,2024-02-07,208.76,213.77,207.99,211.92,7747653
BA,2024-02-08,212.4,213.1,208.72,209.22,5787652
BA,2024-02-09,209.77,211.44,207.9,209.2,4349671
BA,2024-02-12,208.7,209.8,207.6,209.33,4077413
BA,2024-02-13,206.9,207.81,202.33,204.46,8263634
BA,2024-02-14,205.95,206.58,202.21,203.38,6494702
BA,2024-02-15,204.12,206.55,203.4,205.33,5309060
BA,2024-02-16,204.88,205.05,202.81,203.89,5986529
BA,2024-02-20,203.55,205.58,202.71,203.37,5248399
BA,2024-02-21,202.9,203.6322,201.21,201.57,4179808
BA,2024-02-22,202.0,204.097,200.4,201.5,6494041
BA,2024-02-23,200.99,202.07,197.15,200.83,7433353
BA,2024-02-26,201.01,202.75,200.0,200.54,4807216
BA,2024-02-27,200.93,202.0,200.04,201.4,3932875
BA,2024-02-28,201.14,208.1,200.18,207.0,9654653
BA,2024-02-29,206.44,206.615,202.7043,203.72,6670260
BA,2024-03-01,204.0,205.06,199.01,200.0,11609465
BA,2024-03-04,199.5,201.54,196.92,200.54,7210885
BA,2024-03-05,199.49,202.85,198.7,201.14,5034661
BA,2024-03-06,201.77,202.345,199.8601,201.0,4736636
BA,2024-03-07,200.7,203.73,200.57,203.03,5965338
BA,2024-03-08,201.84,203.8,198.46,198.49,8980175
BA,2024-03-11,194.21,196.07,189.8,192.49,14160616
BA,2024-03-12,188.235,188.58,183.16,184.24,18714751
BA,2024-03-13,183.16,185.97,182.08,182.35,10196147
BA,2024-03-14,182.0,184.9399,180.52,181.15,10012189
BA,2024-03-15,180.99,184.18,180.91,182.53,10800678
BA,2024-03-18,180.26,181.19,177.5194,179.84,9496617
BA,2024-03-19,180.11,181.86,179.735,181.14,7648033
BA,2024-03-20,178.99,188.297,178.6,187.78,12766224
BA,2024-03-21,189.79,190.3843,187.55,187.7,7436385
BA,2024-03-22,188.75,192.94,188.19,188.85,7826970
BA,2024-03-25,196.01,196.18,189.5001,191.41,12952957
BA,2024-03-26,192.02,192.03,186.81,187.5,8954192
BA,2024-03-27,188.84,191.99,188.33,191.95,7362715
BA,2024-03-28,192.0,193.38,191.2,192.99,4471666
BA,2024-04-01,192.24,192.8673,189.03,189.5,5107773
BA,2024-04-02,189.0,189.23,187.13,188.04,4477218
BA,2024-04-03,187.68,188.78,184.27,184.92,6609307
BA,2024-04-04,185.93,188.0,182.81,183.29,6513806
BA,2024-04-05,184.16,184.66,182.44,183.14,4130401
BA,2024-04-08,182.14,184.55,181.49,181.56,6176429
BA,2024-04-09,181.51,183.05,176.57,178.12,11439940
BA,2024-04-10,176.31,178.1,172.44,174.63,9727732
BA,2024-04-11,174.47,174.7,171.38,173.36,7622510
BA,2024-04-12,172.2,173.24,169.37,169.55,7567337
BA,2024-04-15,170.74,171.18,167.53,167.82,6346662
BA,2024-04-16,168.14,170.64,167.75,170.55,7948108
BA,2024-04-17,170.0,170.85,168.1215,170.21,8093770
BA,2024-04-18,169.48,172.04,169.095,170.23,5058834
BA,2024-04-19,170.0,172.0,169.65,169.82,4636287
BA,2024-04-22,169.82,172.15,168.16,170.48,4665311
BA,2024-04-23,170.95,171.18,168.43,169.18,7591938
BA,2024-04-24,176.5,177.64,162.74,164.33,20806740
BA,2024-04-25,163.59,168.13,159.7,166.81,12452000
BA,2024-04-26,165.98,168.65,164.93,167.22,6905004
BA,2024-04-29,167.9,173.81,167.55,173.49,7742356
BA,2024-04-30,171.49,174.07,167.76,167.84,8209789
BA,2024-05-01,167.5,173.86,167.5,171.46,5920360
BA,2024-05-02,173.0,178.9,172.2501,178.85,10190109
BA,2024-05-03,179.59,180.49,177.9,179.79,5396172
BA,2024-05-06,180.88,183.98,174.71,178.35,11691380
BA,2024-05-07,177.22,178.35,176.13,176.71,5046631
BA,2024-05-08,175.95,181.66,175.95,180.35,4932888
BA,2024-05-09,179.55,181.75,179.31,181.25,5019443
BA,2024-05-10,181.25,181.88,177.92,178.51,3699229
BA,2024-05-13,179.04,180.75,178.07,178.44,3034342
BA,2024-05-14,180.23,183.66,179.63,180.76,4579296
BA,2024-05-15,180.14,180.67,176.17,176.99,5827065
BA,2024-05-16,177.6,183.76,177.25,182.96,6975606
BA,2024-05-17,183.25,185.3799,181.22,184.95,5458893
BA,2024-05-20,184.65,188.63,184.01,186.61,6110582
BA,2024-05-21,185.3,186.39,183.11,184.78,4330098
BA,2024-05-22,184.6,186.8183,183.41,186.28,3685924
BA,2024-05-23,185.79,186.0,171.61,172.21,17050653
BA,2024-05-24,173.2,174.8595,169.57,174.52,9426160
BA,2024-05-28,174.73,178.4914,173.38,175.08,5235338
BA,2024-05-29,173.61,175.8299,171.61,171.65,3610326
BA,2024-05-30,172.64,174.68,171.5501,172.75,3852729
BA,2024-05-31,173.12,177.9,172.21,177.61,5662090
BA,2024-06-03,178.09,186.01,178.0197,184.57,8807894
BA,2024-06-04,185.05,188.84,183.25,188.62,7026878
BA,2024-06-05,187.9,190.34,186.5268,189.85,5887799
BA,2024-06-06,188.83,192.1,187.35,191.42,5887606
BA,2024-06-07,190.46,191.98,189.66,190.24,3289368
BA,2024-06-10,190.0,192.63,189.6,190.12,4364950
BA,2024-06-11,189.32,189.32,182.75,185.5,4918184
BA,2024-06-12,186.5,187.16,181.71,182.67,5026900
BA,2024-06-13,181.74,183.87,178.99,180.7,4146913
BA,2024-06-14,178.9,180.2899,175.22,177.27,4825884
BA,2024-06-17,176.75,180.45,176.32,178.39,4728955
BA,2024-06-18,177.61,178.0,173.82,174.99,6141654
BA,2024-06-20,173.02,176.6489,172.045,176.3,5318326
BA,2024-06-21,176.83,178.41,175.66,176.56,8242061
BA,2024-06-24,176.15,180.6,175.5901,179.1,7059418
BA,2024-06-25,176.29,178.76,173.29,175.1,7611068
BA,2024-06-26,174.96,178.82,173.76,178.5,6524307
BA,2024-06-27,178.91,183.68,178.01,182.51,8014155
BA,2024-06-28,182.6,184.435,180.65,182.01,5494325
BA,2024-07-01,182.2,189.47,182.2,186.7,9003001
BA,2024-07-02,186.34,189.225,184.52,185.42,4063497
BA,2024-07-03,185.05,185.42,182.85,184.31,2747522
BA,2024-07-05,184.0,185.38,182.23,184.83,3243466
BA,2024-07-08,186.94,191.5,182.28,185.84,9798098
BA,2024-07-09,185.11,186.245,183.15,183.24,3897942
BA,2024-07-10,183.6,184.9,182.8,183.73,3516431
BA,2024-07-11,184.17,186.1,183.4,183.91,4691005
BA,2024-07-12,183.73,184.4899,180.45,182.31,5061869
BA,2024-07-15,183.5,183.72,178.88,179.11,5146764
BA,2024-07-16,180.05,187.44,179.2,186.05,8453416
BA,2024-07-17,185.32,188.45,183.79,184.84,4862584
BA,2024-07-18,184.24,187.37,179.88,180.23,5192511
BA,2024-07-19,181.4,181.5,177.39,179.67,4489133
BA,2024-07-22,181.36,182.72,177.23,178.9,4781790
BA,2024-07-23,179.1,187.04,179.0,186.48,7578809
BA,2024-07-24,185.62,187.0,179.97,180.07,5050287
BA,2024-07-25,179.45,188.35,179.45,184.35,6024939
BA,2024-07-26,185.86,189.59,184.63,186.89,6131169
BA,2024-07-29,186.7,187.08,183.83,185.43,3569890
BA,2024-07-30,186.1,188.13,185.15,186.86,4748945
BA,2024-07-31,189.88,196.95,183.86,190.6,15325325
BA,2024-08-01,190.0,191.17,176.69,178.31,13628671
BA,2024-08-02,175.22,175.46,167.25,169.95,11664788
BA,2024-08-05,162.52,167.68,162.5,167.03,9159122
BA,2024-08-06,168.89,169.19,163.39,165.04,5709605
BA,2024-08-07,167.0,167.98,162.99,163.24,4940266
BA,2024-08-08,164.23,169.35,164.0,168.87,6007838
BA,2024-08-09,168.39,169.85,166.9,167.91,3502235
BA,2024-08-12,167.73,168.05,163.519,164.13,4691736
BA,2024-08-13,164.5,168.88,162.62,168.76,6371510
BA,2024-08-14,167.885,169.75,167.33,168.5,3832780
BA,2024-08-15,170.0,176.56,169.98,176.41,5888119
BA,2024-08-16,176.3,180.51,176.3,179.99,6684914
BA,2024-08-19,180.04,180.7,177.63,179.64,3862914
BA,2024-08-20,176.49,177.5,170.04,172.1,9511461
BA,2024-08-21,173.0,174.2,171.04,173.43,4428879
BA,2024-08-22,173.0,175.21,172.3,172.76,2754762
BA,2024-08-23,173.88,176.92,173.17,174.96,4264762
BA,2024-08-26,173.0,174.915,172.3,173.48,3977635
BA,2024-08-27,173.62,173.93,171.25,173.05,3164292
BA,2024-08-28,172.3,174.25,170.15,170.71,4453088
BA,2024-08-29,171.71,175.28,170.62,172.26,4082290
BA,2024-08-30,173.14,174.36,171.49,173.74,4018396
BA,2024-09-03,167.03,169.6,158.3,161.02,17736724
BA,2024-09-04,160.28,166.7,160.28,163.22,7161216
BA,2024-09-05,164.15,164.6163,160.1,162.15,4641380
BA,2024-09-06,162.5,162.85,156.695,157.62,6856355
BA,2024-09-09,162.3,164.55,161.11,162.91,8926215
BA,2024-09-10,162.61,163.9,157.93,160.07,6262111
BA,2024-09-11,159.79,161.8699,156.1,161.33,6529198
BA,2024-09-12,159.42,163.5,159.06,162.77,4727963
BA,2024-09-13,159.78,162.8899,155.6,156.77,18934342
BA,2024-09-16,156.25,157.76,154.02,155.55,9897189
BA,2024-09-17,156.17,158.88,155.14,156.39,7967410
BA,2024-09-18,157.0,158.45,154.8,155.11,7504568
BA,2024-09-19,157.0,157.18,154.27,154.59,9224989
BA,2024-09-20,154.01,154.64,152.6,153.29,13410216
BA,2024-09-23,153.0,158.43,151.65,156.3,12453619
BA,2024-09-24,155.8,155.9,153.69,155.81,7367526
BA,2024-09-25,156.42,157.22,152.045,152.22,9546323
BA,2024-09-26,153.94,157.33,152.66,154.58,11146249
BA,2024-09-27,155.365,157.33,154.39,156.32,7347412
BA,2024-09-30,154.79,155.3,151.24,152.04,10828320
BA,2024-10-01,151.46,156.4,149.49,154.22,12509032
BA,2024-10-02,153.765,154.8499,152.835,152.89,4192293
BA,2024-10-03,152.12,152.74,150.51,150.52,5653529
BA,2024-10-04,152.26,155.0,150.85,155.0,6650122
BA,2024-10-07,155.0,158.7599,154.68,155.91,6159208
BA,2024-10-08,155.99,156.7,154.14,154.65,5308655
BA,2024-10-09,152.05,152.19,148.8,149.37,12448626
BA,2024-10-10,149.07,149.11,146.26,146.62,11231738
BA,2024-10-11,146.3,151.12,146.3,151.02,9508760
BA,2024-10-14,148.0,150.09,146.02,148.99,9563449
BA,2024-10-15,150.5,153.95,148.55,152.35,11001968
BA,2024-10-16,151.91,154.99,151.34,154.9,8298606
BA,2024-10-17,155.0,157.14,154.25,155.31,6067554
BA,2024-10-18,155.84,156.37,153.9,155.0,5936954
BA,2024-10-21,160.25,163.44,158.36,159.82,13192325
BA,2024-10-22,160.5,160.66,158.37,159.88,7345422
BA,2024-10-23,160.0,161.4725,153.53,157.06,15854572
BA,2024-10-24,152.61,155.89,151.98,155.2,9446752
BA,2024-10-25,156.2,157.48,154.5202,155.01,8022842
BA,2024-10-28,153.5,155.2,150.61,150.69,20983637
BA,2024-10-29,147.86,155.99,147.58,152.98,64874594
BA,2024-10-30,152.51,156.91,152.51,154.29,47940621
BA,2024-10-31,154.31,154.48,147.88,149.31,28707267
BA,2024-11-01,152.78,156.0,151.23,154.59,18599405
BA,2024-11-04,154.62,156.72,152.46,155.07,9671348
BA,2024-11-05,157.47,157.66,150.65,151.0,23037155
BA,2024-11-06,152.3,153.2,144.13,147.16,27925776
BA,2024-11-07,148.8,152.8,148.03,150.98,14555082
BA,2024-11-08,151.12,152.6,149.43,151.68,12812142
BA,2024-11-11,152.0,152.5,148.07,148.96,12591969
BA,2024-11-12,148.4,148.5,143.85,145.17,16656086
BA,2024-11-13,145.58,145.58,139.1,139.97,21153064
BA,2024-11-14,140.8,141.55,137.22,138.14,15545626
BA,2024-11-15,138.14,140.3247,137.03,140.19,11553453
BA,2024-11-18,140.255,144.69,138.2,143.87,12029472
BA,2024-11-19,143.0,145.99,142.6901,145.6,8155746
BA,2024-11-20,146.04,147.3,145.0201,146.08,9073355
BA,2024-11-21,146.39,146.42,141.34,143.41,7713300
BA,2024-11-22,143.61,150.339,143.49,149.29,13210220
BA,2024-11-25,150.7,153.28,150.26,153.1,11188615
BA,2024-11-26,152.5,153.1398,149.8,150.76,8195002
BA,2024-11-27,151.11,152.91,150.25,152.4,5124612
BA,2024-11-29,153.0,157.5025,152.85,155.44,6881554
BA,2024-12-02,155.91,160.35,155.7,156.54,9893534
BA,2024-12-03,156.0,156.6486,154.42,155.0,6058317
BA,2024-12-04,155.88,160.2,154.21,158.28,9174592
BA,2024-12-05,158.5,160.02,156.0475,156.67,7076097
BA,2024-12-06,157.03,158.9533,153.37,153.93,8110102
BA,2024-12-09,154.27,161.95,154.27,157.04,12912986
BA,2024-12-10,160.0,166.68,159.42,164.1,19689771
BA,2024-12-11,165.52,169.3,164.381,165.96,12900314
BA,2024-12-12,168.23,168.82,165.6501,167.75,10518444
BA,2024-12-13,168.0,170.43,166.33,169.65,9593566
BA,2024-12-16,168.09,175.2,166.1,173.17,12693848
BA,2024-12-17,173.04,175.7866,171.71,173.03,13346747
BA,2024-12-18,173.28,177.94,171.002,172.62,15217003
BA,2024-12-19,175.0,179.5788,173.72,177.04,14472226
BA,2024-12-20,176.86,182.0,175.31,177.35,20330606
BA,2024-12-23,178.12,179.65,174.2901,177.69,8201547
BA,2024-12-24,177.69,180.95,177.5,179.34,4309763
BA,2024-12-26,178.98,182.57,178.33,180.38,5872149
BA,2024-12-27,180.01,181.43,179.4,180.72,6728305
BA,2024-12-30,173.72,178.17,170.15,176.55,17952420
BA,2024-12-31,177.54,179.3499,175.82,177.0,9593979
BA,2025-01-02,178.31,179.19,169.82,171.87,12278399
BA,2025-01-03,171.4,173.98,169.8,169.9,10271868
BA,2025-01-06,173.5,173.9442,170.19,170.78,9256455
BA,2025-01-07,171.165,175.02,170.8,172.51,6966895
BA,2025-01-08,171.15,173.78,169.61,171.76,5039882
BA,2025-01-10,171.49,173.535,167.41,172.0,7343046
BA,2025-01-13,171.18,172.5,167.91,170.57,5936632
BA,2025-01-14,171.37,171.88,164.62,167.02,7818991
BA,2025-01-15,169.01,169.99,165.9701,166.2,6265473
BA,2025-01-16,166.79,170.6399,166.57,168.93,5327583
BA,2025-01-17,169.795,171.77,169.45,171.09,9395247
BA,2025-01-21,172.38,177.09,171.9321,175.56,8327718
BA,2025-01-22,175.29,176.23,173.88,174.8,4938089
BA,2025-01-23,174.01,178.6699,173.75,178.5,6830764
BA,2025-01-24,176.0,180.43,174.365,176.06,9082835
BA,2025-01-27,175.55,178.18,174.4,175.16,6882158
BA,2025-01-28,181.31,188.48,174.02,177.78,22683699
BA,2025-01-29,179.125,182.55,170.65,173.66,12084446
BA,2025-01-30,174.59,179.94,173.7218,179.53,6452178
BA,2025-01-31,180.51,181.78,175.74,176.52,6046643
BA,2025-02-03,174.11,178.2,173.1277,175.87,6361809
BA,2025-02-04,176.9,177.45,174.25,176.23,4419509
BA,2025-02-05,176.0,181.86,175.505,181.84,7391988
BA,2025-02-06,182.0,185.85,182.0,184.8,6863436
BA,2025-02-07,185.26,186.1087,180.93,181.49,5161356
BA,2025-02-10,183.12,183.55,179.9,180.55,3894534
BA,2025-02-11,179.78,182.14,177.6,180.44,4322254
BA,2025-02-12,178.34,186.27,178.25,186.25,7583871
BA,2025-02-13,187.0,188.24,185.09,185.44,6655709
BA,2025-02-14,186.75,186.82,183.575,184.42,4860312
BA,2025-02-18,185.68,188.66,184.22,184.97,6822769
BA,2025-02-19,185.31,187.2299,181.83,186.15,6941949
BA,2025-02-20,185.58,185.8,180.11,180.88,7779636
BA,2025-02-21,181.28,182.2,174.71,177.15,8822612
BA,2025-02-24,177.475,183.04,176.55,179.91,7887036
BA,2025-02-25,180.45,181.88,176.34,178.27,5491176
BA,2025-02-26,179.49,179.49,171.83,173.04,7035498
BA,2025-02-27,174.52,177.15,173.59,173.83,4582304
BA,2025-02-28,174.36,176.3,173.4811,174.63,5524824
BA,2025-03-03,177.02,178.4,169.46,170.06,5953916
BA,2025-03-04,167.37,168.38,156.69,158.9,15577724
BA,2025-03-05,159.96,164.33,158.81,163.16,6990346
BA,2025-03-06,161.42,162.69,157.94,158.43,6624539
BA,2025-03-07,157.19,158.36,149.05,154.18,12391963
BA,2025-03-10,150.03,150.39,146.3,148.15,10081550
BA,2025-03-11,148.0,155.01,145.45,154.06,9870416
BA,2025-03-12,157.0,159.54,153.6113,158.8,8498201
BA,2025-03-13,159.22,161.74,157.25,159.32,5626076
BA,2025-03-14,160.915,162.32,159.2001,161.81,5125484
BA,2025-03-17,160.5,162.77,159.6235,161.85,5160178
BA,2025-03-18,161.44,162.23,158.79,161.57,4088803
BA,2025-03-19,165.32,174.2,165.0,172.62,13988414
BA,2025-03-20,171.14,173.1,170.31,172.83,4858688
BA,2025-03-21,172.06,183.46,170.77,178.11,26353930
BA,2025-03-24,182.03,184.4,180.4411,180.9,9789519
BA,2025-03-25,182.16,183.85,180.36,182.59,6898958
BA,2025-03-26,182.525,183.2278,177.28,178.55,6580863
BA,2025-03-27,178.53,182.22,178.0334,179.11,4788639
BA,2025-03-28,177.75,178.5,172.45,173.31,8211108
BA,2025-03-31,170.65,172.2099,166.792,170.55,7477456
BA,2025-04-01,170.0,170.975,164.2191,168.17,8252833
BA,2025-04-02,166.4,170.38,165.55,168.56,5826557
BA,2025-04-03,160.0,160.21,150.41,150.91,15877380
BA,2025-04-04,143.3,146.0,132.79,136.59,22281992
BA,2025-04-07,132.05,143.9722,128.8801,138.86,18817877
BA,2025-04-08,146.85,147.77,137.4,139.39,14527902
BA,2025-04-09,138.845,162.43,137.9431,160.82,16775246
BA,2025-04-10,154.98,157.345,149.41,155.52,10374984
BA,2025-04-11,154.62,157.59,152.0,156.84,8810699
BA,2025-04-14,159.82,162.55,157.6001,159.28,7288736
BA,2025-04-15,155.275,159.1201,155.275,155.52,11541122
BA,2025-04-16,154.365,157.6589,153.545,156.47,6809550
BA,2025-04-17,157.13,163.9,157.0,161.9,9227259
BA,2025-04-21,160.0,160.0,156.47,159.34,5703160
BA,2025-04-22,162.5,163.09,158.5,162.52,9147290
BA,2025-04-23,174.0,176.58,169.91,172.37,16264675
BA,2025-04-24,171.2,177.4,169.0,176.26,10984174
BA,2025-04-25,176.5,180.325,175.86,177.95,7644173
BA,2025-04-28,182.75,184.53,180.75,182.3,9297000
BA,2025-04-29,182.52,184.25,181.2,182.0,6795042
BA,2025-04-30,178.47,183.79,177.63,183.24,6266805
BA,2025-05-01,182.85,184.75,182.03,182.89,7322871
BA,2025-05-02,185.0,187.58,184.08,185.46,8695074
BA,2025-05-05,184.39,187.58,184.39,186.46,5413742
BA,2025-05-06,184.71,186.2,183.63,185.96,4947965
BA,2025-05-07,185.0,186.72,183.5,185.56,6098643
BA,2025-05-08,186.76,194.75,186.22,191.7,15344057
BA,2025-05-09,193.55,195.3,192.18,194.85,7669875
BA,2025-05-12,198.16,198.78,193.06,198.53,9340695
BA,2025-05-13,200.295,205.73,199.67,203.42,13509485
BA,2025-05-14,205.8,209.66,204.05,204.72,16872271
BA,2025-05-15,207.35,208.6,205.42,206.24,9583873
BA,2025-05-16,205.69,206.24,203.02,205.82,8496835
BA,2025-05-19,203.0,205.6,202.3,205.25,5740193
BA,2025-05-20,205.0,208.62,205.0,207.67,5875970
BA,2025-05-21,206.6,207.1196,202.43,203.21,6616295
BA,2025-05-22,202.53,204.73,201.85,203.41,3634495
BA,2025-05-23,199.95,203.2,198.75,202.36,5255185
BA,2025-05-27,204.28,205.0,200.88,201.03,5857940
BA,2025-05-28,201.95,202.45,200.215,201.5,5481504
BA,2025-05-29,201.775,212.28,201.5,208.18,16345993
BA,2025-05-30,206.77,207.7,204.35,207.32,7485089
BA,2025-06-02,210.98,212.3409,207.9,211.47,7561816
BA,2025-06-03,212.0,215.8,211.77,213.43,8106080
BA,2025-06-04,214.77,214.99,211.03,211.98,5705277
BA,2025-06-05,212.5,212.99,208.22,209.02,4764376
BA,2025-06-06,210.24,211.11,208.04,210.8,6079682
BA,2025-06-09,211.23,218.8,211.09,217.51,9419229
BA,2025-06-10,217.58,217.9005,213.2514,215.73,8190124
BA,2025-06-11,215.5,216.205,212.2101,214.0,5398772
BA,2025-06-12,202.17,206.34,201.28,203.75,30586616
BA,2025-06-13,200.675,202.23,195.28,200.32,16093453
BA,2025-06-16,200.57,204.0,199.08,201.7,6902665
BA,2025-06-17,201.31,205.3099,198.87,200.26,10844631
BA,2025-06-18,199.0,201.06,196.8,197.68,7928295
BA,2025-06-20,198.66,200.675,197.45,198.75,8934730
BA,2025-06-23,197.825,202.2,197.47,201.31,5875194
BA,2025-06-24,203.0,203.51,200.18,200.94,5900901
BA,2025-06-25,201.0,201.125,198.3,198.9,4690927
BA,2025-06-26,200.41,204.3873,199.7587,202.58,6931728
BA,2025-06-27,205.11,214.81,204.38,214.55,14805405
BA,2025-06-30,213.88,214.71,208.02,209.53,9087110
BA,2025-07-01,209.5,211.8646,206.7696,209.79,5978892
BA,2025-07-02,210.4,214.4,208.25,212.03,5870909
BA,2025-07-03,211.785,217.675,211.67,215.92,4475951
BA,2025-07-07,215.6,218.63,214.5,218.63,5807426
BA,2025-07-08,219.0,220.0,214.72,218.52,6769583
BA,2025-07-09,220.115,230.1999,220.01,226.6,16462270
BA,2025-07-10,226.65,228.4999,223.925,226.09,6116601
BA,2025-07-11,225.425,228.735,225.425,226.84,6631953
BA,2025-07-14,231.4,233.041,227.27,230.51,8750165
BA,2025-07-15,230.12,233.61,228.42,230.0,9156844
BA,2025-07-16,232.13,233.565,227.3016,229.9,7474340
BA,2025-07-17,230.11,232.59,227.75,231.0,7892608
BA,2025-07-18,231.43,232.25,227.52,229.34,5974525
BA,2025-07-21,229.4,232.5,228.02,229.32,4183298
BA,2025-07-22,228.3,230.3084,225.55,228.48,4737715
BA,2025-07-23,230.32,235.27,229.31,233.88,7302875
BA,2025-07-24,233.91,235.23,231.05,231.27,6160163
BA,2025-07-25,232.02,233.31,228.84,233.06,4628468
BA,2025-07-28,233.24,236.63,232.91,236.41,7923759
BA,2025-07-29,239.5,242.6899,225.26,226.08,20163647
BA,2025-07-30,227.84,231.72,224.35,225.84,9354568
BA,2025-07-31,224.02,225.0,221.15,221.84,7824977
BA,2025-08-01,219.45,222.46,215.9,221.9,8572191
BA,2025-08-04,220.15,222.845,218.03,222.34,5997263
BA,2025-08-05,222.37,226.03,221.065,224.86,5687360
BA,2025-08-06,225.7,226.57,224.0448,225.04,3898823
BA,2025-08-07,226.15,230.39,224.5801,227.33,4563135
BA,2025-08-08,227.5,230.9,227.38,229.12,4724210
BA,2025-08-11,229.0,229.32,225.17,225.96,4872738
BA,2025-08-12,226.95,232.61,226.46,232.61,7402161
BA,2025-08-13,233.25,235.5999,229.33,233.37,6670421
BA,2025-08-14,231.65,233.97,230.86,233.19,5320751
BA,2025-08-15,233.36,236.45,231.4277,235.26,6291381
BA,2025-08-18,234.47,235.157,229.11,232.41,8456028
BA,2025-08-19,232.0,232.4316,223.75,225.0,9061071
BA,2025-08-20,224.49,226.3712,223.6001,225.62,5015978
BA,2025-08-21,227.13,227.58,223.71,224.46,6101140
BA,2025-08-22,225.41,233.7,225.24,230.12,8678400
BA,2025-08-25,229.6,230.25,226.6,226.87,4757569
BA,2025-08-26,228.0,234.83,227.98,234.83,7380162
BA,2025-08-27,235.36,236.34,232.4,235.62,4757422
BA,2025-08-28,235.85,237.35,234.495,236.16,4039590
BA,2025-08-29,236.13,238.05,233.17,234.68,5008622
BA,2025-09-02,231.28,238.33,230.8,237.38,6339117
BA,2025-09-03,237.06,237.06,230.7601,232.38,5998971
BA,2025-09-04,233.01,233.095,229.21,230.75,4093163
BA,2025-09-05,231.8,232.2299,225.5,229.61,8203594
BA,2025-09-08,231.7,232.2,228.09,230.95,5954965
BA,2025-09-09,231.01,232.28,228.45,229.52,5510373
BA,2025-09-10,229.6,230.1,226.5852,227.52,4949531
BA,2025-09-11,228.0,229.6899,219.65,219.99,12010822
BA,2025-09-12,219.89,220.0,215.7,215.94,11094879
BA,2025-09-15,216.25,217.255,214.07,215.75,6896201
BA,2025-09-16,216.86,217.1299,213.75,215.02,6330606
BA,2025-09-17,215.59,218.05,213.13,214.63,6019533
BA,2025-09-18,215.23,217.4,213.7,215.66,6414004
BA,2025-09-19,217.73,217.73,213.6238,215.65,10513703
BA,2025-09-22,215.17,215.9,211.427,212.09,7467722
BA,2025-09-23,217.12,219.82,214.01,216.34,12760881
BA,2025-09-24,217.555,218.1828,214.77,215.1,7354816
BA,2025-09-25,214.87,216.855,211.98,213.53,6649306
BA,2025-09-26,223.36,224.1,219.11,221.26,17281717
BA,2025-09-29,222.365,222.81,215.12,217.08,11290583
BA,2025-09-30,217.095,217.6799,212.83,215.83,9289288
BA,2025-10-01,214.01,215.63,213.7,215.2,7177980
BA,2025-10-02,215.45,218.86,215.31,217.43,8281070
BA,2025-10-03,216.75,218.83,215.25,216.3,6634085
BA,2025-10-06,217.865,221.8,215.9,219.73,7665295
BA,2025-10-07,220.11,223.95,219.2,221.82,7610613
BA,2025-10-08,222.73,226.19,221.4703,225.32,6189701
BA,2025-10-09,225.7,225.7,215.9,216.0,12974796
BA,2025-10-10,217.0,217.9,210.73,210.73,10647882
BA,2025-10-13,212.09,215.8,212.06,215.56,5657285
BA,2025-10-14,213.54,217.945,212.235,214.3,5975722
BA,2025-10-15,215.035,215.93,212.48,214.0,5055634
BA,2025-10-16,214.66,214.96,210.66,211.89,5555177
BA,2025-10-17,210.91,214.68,210.75,212.94,6482738
BA,2025-10-20,215.13,217.38,214.56,216.82,5865087
BA,2025-10-21,217.21,217.7,215.55,217.26,4209532
BA,2025-10-22,216.68,217.4,213.8,216.59,6310337
BA,2025-10-23,216.4,219.3,216.25,217.77,5356227
BA,2025-10-24,219.04,221.74,218.51,221.35,5238106
BA,2025-10-27,222.78,223.58,221.82,223.0,6084302
BA,2025-10-28,224.36,225.56,222.6,223.33,7027188
BA,2025-10-29,221.36,221.895,212.5,213.58,20940086
BA,2025-10-30,210.01,210.28,200.02,200.08,19417012
BA,2025-10-31,201.25,202.6,198.3,201.02,10696565
BA,2025-11-03,202.04,205.66,201.58,204.55,8103855
BA,2025-11-04,201.8,202.22,197.57,198.05,8619584
BA,2025-11-05,197.75,198.5092,195.31,197.62,9885668
BA,2025-11-06,198.1,201.27,195.45,196.5,7740505
BA,2025-11-07,195.5,195.8454,191.49,194.61,7869450
BA,2025-11-10,195.89,196.44,193.19,194.81,7447253
BA,2025-11-11,194.74,196.4,194.35,195.21,5783435
BA,2025-11-12,195.75,196.66,193.8,195.5,8288337
BA,2025-11-13,195.63,196.2,193.11,194.58,6739302
BA,2025-11-14,192.88,197.0251,192.15,194.52,6189760
BA,2025-11-17,194.84,194.84,190.2308,191.81,5877792
BA,2025-11-18,190.0,191.155,187.85,189.63,8195765
BA,2025-11-19,189.21,189.21,183.01,185.7,12550371
BA,2025-11-20,187.74,188.1,178.42,179.38,13706380
BA,2025-11-21,180.56,181.43,176.77,179.7,10133966
BA,2025-11-24,180.31,180.31,177.3001,179.12,9385960
BA,2025-11-25,179.49,183.4788,177.5201,182.44,9676194
BA,2025-11-26,184.0,188.18,183.03,186.92,7644480
BA,2025-11-28,187.87,189.75,186.91,189.0,3757048
BA,2025-12-01,188.96,189.95,186.41,186.46,6763665
BA,2025-12-02,198.3,205.775,195.5101,205.38,22624038
BA,2025-12-03,204.6,205.85,197.4,202.54,14139824
BA,2025-12-04,202.85,202.89,198.53,201.87,9513314
BA,2025-12-05,201.4,202.95,200.56,201.89,6857199
BA,2025-12-08,203.61,206.86,202.56,206.27,8823854
BA,2025-12-09,205.35,207.1,200.02,200.37,9101870
BA,2025-12-10,200.37,201.35,198.35,198.72,15159608
SPR,2023-06-01,26.92,28.03,26.71,27.71,2221334
SPR,2023-06-02,28.32,28.57,27.955,28.47,1520162
SPR,2023-06-05,28.37,28.55,27.66,27.82,1634001
SPR,2023-06-06,27.68,28.355,25.83,27.87,5315670
SPR,2023-06-07,28.12,30.25,27.82,29.94,6011732
SPR,2023-06-08,29.91,31.51,29.81,30.95,3156861
SPR,2023-06-09,30.92,31.42,30.73,31.11,2114227
SPR,2023-06-12,31.15,31.8016,30.66,31.31,2183243
SPR,2023-06-13,31.66,32.045,31.09,31.18,1442380
SPR,2023-06-14,31.47,31.48,30.485,30.97,1279690
SPR,2023-06-15,30.65,31.02,30.06,30.24,2151528
SPR,2023-06-16,30.72,31.39,30.14,30.92,2076880
SPR,2023-06-20,30.8,30.92,29.245,29.57,2755742
SPR,2023-06-21,29.58,29.895,28.81,29.68,1973092
SPR,2023-06-22,26.78,27.275,25.25,26.88,8621988
SPR,2023-06-23,26.65,28.45,26.54,28.1,5226132
SPR,2023-06-26,28.11,29.29,28.11,28.7,3220441
SPR,2023-06-27,28.96,29.49,28.62,29.26,2796688
SPR,2023-06-28,29.36,29.6,28.609,28.98,2536061
SPR,2023-06-29,28.8,29.92,28.5,29.41,1740684
SPR,2023-06-30,29.8,29.87,28.86,29.19,2038837
SPR,2023-07-03,29.27,30.07,29.1953,29.76,800501
SPR,2023-07-05,29.53,30.01,29.045,29.76,1818876
SPR,2023-07-06,29.9,29.97,29.05,29.43,2862963
SPR,2023-07-07,29.39,29.89,29.005,29.06,1397870
SPR,2023-07-10,29.1,29.85,28.81,29.67,1489477
SPR,2023-07-11,29.67,29.97,29.34,29.72,1196176
SPR,2023-07-12,30.21,30.29,28.68,28.74,2058954
SPR,2023-07-13,28.75,29.21,28.43,29.13,2211648
SPR,2023-07-14,29.06,29.2175,27.9201,28.43,1821615
SPR,2023-07-17,28.38,28.59,27.96,28.31,1325987
SPR,2023-07-18,28.19,28.72,27.89,28.56,1677886
SPR,2023-07-19,28.7,29.3,28.25,28.39,1654009
SPR,2023-07-20,28.48,29.62,28.36,29.06,1770551
SPR,2023-07-21,29.24,29.53,28.802,28.82,1097615
SPR,2023-07-24,28.94,29.27,28.5657,29.16,1328683
SPR,2023-07-25,28.6,29.65,28.32,29.52,1751486
SPR,2023-07-26,30.0,30.87,29.95,30.81,2244703
SPR,2023-07-27,30.99,31.37,30.5,30.54,1700493
SPR,2023-07-28,30.79,31.35,30.79,31.31,1241437
SPR,2023-07-31,31.5,31.89,31.26,31.82,1357811
SPR,2023-08-01,31.41,31.99,31.17,31.44,2529253
SPR,2023-08-02,30.19,30.34,21.8,22.86,21686588
SPR,2023-08-03,22.52,22.78,20.6,22.35,12414202
SPR,2023-08-04,22.42,23.33,21.84,22.35,5378409
SPR,2023-08-07,22.3,23.48,22.3,23.19,3789494
SPR,2023-08-08,22.75,22.92,22.253,22.55,2453640
SPR,2023-08-09,22.9,23.1,22.16,22.72,2325945
SPR,2023-08-10,22.64,23.74,22.55,23.32,2979595
SPR,2023-08-11,23.14,23.65,22.89,23.13,1518031
SPR,2023-08-14,22.99,23.655,22.97,23.54,1919374
SPR,2023-08-15,23.33,23.37,21.66,21.79,4474769
SPR,2023-08-16,21.6,21.95,21.3,21.59,2662435
SPR,2023-08-17,21.73,21.9894,21.18,21.19,2385460
SPR,2023-08-18,20.89,21.525,20.75,21.47,2093155
SPR,2023-08-21,21.42,21.715,21.21,21.62,1170813
SPR,2023-08-22,21.75,23.19,21.31,22.99,7471788
SPR,2023-08-23,22.99,23.375,22.62,22.97,2182694
SPR,2023-08-24,21.17,21.3,18.8,20.06,12287864
SPR,2023-08-25,20.02,20.865,19.04,20.65,7083588
SPR,2023-08-28,20.8,22.055,20.77,21.91,3189730
SPR,2023-08-29,21.88,22.49,21.72,22.0,2441885
SPR,2023-08-30,22.0,22.54,21.76,21.84,2377720
SPR,2023-08-31,22.18,22.18,21.18,21.32,2777423
SPR,2023-09-01,21.57,21.7,21.12,21.37,1609719
SPR,2023-09-05,20.99,21.1699,20.37,21.0,2815318
SPR,2023-09-06,20.88,21.1911,20.45,20.71,2101031
SPR,2023-09-07,20.56,20.6,19.19,19.19,5127127
SPR,2023-09-08,19.19,19.21,18.29,18.93,4647276
SPR,2023-09-11,19.18,19.25,17.62,17.84,6522932
SPR,2023-09-12,17.39,18.18,17.1,17.53,3125171
SPR,2023-09-13,17.5,17.5,16.635,16.69,4824702
SPR,2023-09-14,16.81,17.31,16.3,16.38,5201328
SPR,2023-09-15,16.33,16.935,16.27,16.83,6413686
SPR,2023-09-18,16.59,16.675,15.85,15.86,3532843
SPR,2023-09-19,15.82,16.0591,15.36,15.48,3676561
SPR,2023-09-20,15.58,15.71,14.92,14.94,2995830
SPR,2023-09-21,14.74,15.36,14.65,14.84,3369562
SPR,2023-09-22,14.92,15.42,14.89,15.16,6114126
SPR,2023-09-25,15.1,15.42,14.89,15.05,6281497
SPR,2023-09-26,14.96,15.52,14.96,15.16,2622773
SPR,2023-09-27,15.38,16.04,15.38,15.81,5462543
SPR,2023-09-28,15.86,16.67,15.7275,16.29,4115725
SPR,2023-09-29,16.56,16.75,15.9,16.14,3686269
SPR,2023-10-02,16.07,16.945,15.5201,16.84,5597618
SPR,2023-10-03,16.73,17.56,16.68,16.74,4803280
SPR,2023-10-04,16.68,17.045,16.085,16.21,5377658
SPR,2023-10-05,16.12,16.39,15.81,16.05,2651328
SPR,2023-10-06,15.99,16.86,15.45,16.7,3574242
SPR,2023-10-09,16.81,16.98,16.14,16.79,2371987
SPR,2023-10-10,17.0,17.94,16.96,17.61,3107509
SPR,2023-10-11,17.63,18.14,17.35,17.55,2866144
SPR,2023-10-12,17.67,17.67,16.925,17.15,2400223
SPR,2023-10-13,16.43,17.09,16.37,16.87,3049770
SPR,2023-10-16,16.86,17.08,16.36,17.04,2257160
SPR,2023-10-17,16.85,17.82,16.77,17.19,1884145
SPR,2023-10-18,20.83,22.09,19.82,21.16,31701943
SPR,2023-10-19,21.5,22.41,21.43,22.21,7908927
SPR,2023-10-20,22.1,22.48,21.38,21.43,4329153
SPR,2023-10-23,21.96,22.915,21.75,21.93,4398058
SPR,2023-10-24,22.09,22.775,21.65,22.15,3016661
SPR,2023-10-25,22.23,22.3799,21.08,21.14,2635392
SPR,2023-10-26,21.35,22.38,21.2,21.82,2201763
SPR,2023-10-27,21.76,21.98,21.145,21.27,3251180
SPR,2023-10-30,21.21,21.99,21.21,21.62,2657205
SPR,2023-10-31,21.85,22.7,21.5301,22.6,3232371
SPR,2023-11-01,23.19,24.49,22.89,24.38,5716797
SPR,2023-11-02,24.68,25.29,24.55,25.29,3201988
SPR,2023-11-03,25.5,26.38,25.13,25.15,3685474
SPR,2023-11-06,25.4,25.45,24.485,24.6,2475565
SPR,2023-11-07,24.7,24.875,24.15,24.62,1829643
SPR,2023-11-08,21.585,23.16,20.9801,23.06,12624697
SPR,2023-11-09,24.32,25.135,23.61,23.94,15115957
SPR,2023-11-10,23.86,24.83,23.64,24.25,5328102
SPR,2023-11-13,25.0,25.27,24.32,24.72,5962164
SPR,2023-11-14,25.16,25.77,24.98,25.15,4765671
SPR,2023-11-15,25.26,26.04,25.1,25.12,4340011
SPR,2023-11-16,24.9,25.11,24.11,24.36,3655884
SPR,2023-11-17,24.66,25.1487,24.39,24.75,3048269
SPR,2023-11-20,24.99,25.95,24.795,25.83,3332474
SPR,2023-11-21,25.54,25.9,25.255,25.83,2016551
SPR,2023-11-22,25.61,26.59,25.49,25.75,2231139
SPR,2023-11-24,25.87,26.19,25.53,26.15,1073509
SPR,2023-11-27,26.0,26.2,25.7,26.17,1693782
SPR,2023-11-28,26.4,26.73,25.7,26.64,2437514
SPR,2023-11-29,26.69,27.05,26.06,26.16,2259333
SPR,2023-11-30,27.07,28.06,26.94,27.49,4092419
SPR,2023-12-01,27.38,28.29,27.1093,28.17,2598312
SPR,2023-12-04,27.77,28.11,27.36,28.09,2756362
SPR,2023-12-05,27.77,28.33,27.735,27.77,1992018
SPR,2023-12-06,27.87,28.37,27.74,27.97,1656683
SPR,2023-12-07,28.05,28.32,27.12,28.01,3569710
SPR,2023-12-08,28.1,28.895,28.1,28.86,2041801
SPR,2023-12-11,28.65,28.98,28.1586,28.49,3294303
SPR,2023-12-12,28.71,28.71,28.11,28.49,2112825
SPR,2023-12-13,28.51,28.92,27.92,28.36,1901336
SPR,2023-12-14,28.49,28.88,27.99,28.42,3363075
SPR,2023-12-15,28.55,29.94,28.22,29.57,6389825
SPR,2023-12-18,29.42,30.58,29.35,29.87,4098813
SPR,2023-12-19,30.09,30.79,30.02,30.72,3036874
SPR,2023-12-20,30.9,31.98,30.45,30.89,3325674
SPR,2023-12-21,31.48,32.19,31.14,32.08,3776939
SPR,2023-12-22,32.0,32.32,31.55,32.01,1739269
SPR,2023-12-26,32.04,32.4,31.86,32.18,1630352
SPR,2023-12-27,32.03,32.52,31.875,32.05,1288593
SPR,2023-12-28,31.89,32.19,31.6,31.76,1946073
SPR,2023-12-29,31.81,31.91,31.38,31.78,1544437
SPR,2024-01-02,31.51,31.8,30.6,30.76,2391808
SPR,2024-01-03,30.39,30.73,29.98,30.13,1761142
SPR,2024-01-04,30.52,31.9,30.36,31.5,4204421
SPR,2024-01-05,31.65,32.23,31.21,31.73,1815650
SPR,2024-01-08,27.65,30.2198,26.63,28.2,24704679
SPR,2024-01-09,27.86,28.65,27.2,28.09,7320100
SPR,2024-01-10,28.27,29.98,28.11,29.35,4899441
SPR,2024-01-11,29.31,29.49,27.51,27.6,5158691
SPR,2024-01-12,27.07,27.8099,26.61,27.2,3922456
SPR,2024-01-16,26.29,26.325,25.17,26.01,7111126
SPR,2024-01-17,26.22,28.1,26.03,26.98,8002384
SPR,2024-01-18,27.37,28.5899,27.0,28.13,4849500
SPR,2024-01-19,28.27,28.3,27.08,27.26,2955592
SPR,2024-01-22,27.03,27.495,26.77,27.41,2854100
SPR,2024-01-23,27.95,28.0,26.665,26.7,3580638
SPR,2024-01-24,27.75,29.14,26.83,28.57,8776802
SPR,2024-01-25,27.48,27.66,26.07,26.32,5738635
SPR,2024-01-26,26.65,27.12,26.64,26.96,2195738
SPR,2024-01-29,27.04,27.25,26.12,26.76,4549763
SPR,2024-01-30,26.56,26.56,25.1598,25.28,3905704
SPR,2024-01-31,25.7,28.13,25.68,27.46,6423001
SPR,2024-02-01,27.81,27.95,27.02,27.69,2685042
SPR,2024-02-02,27.68,28.29,27.4272,28.04,2380523
SPR,2024-02-05,27.1,27.47,26.565,26.71,4281264
SPR,2024-02-06,26.36,28.52,25.5,28.04,7689244
SPR,2024-02-07,28.28,29.28,28.11,28.33,4392738
SPR,2024-02-08,28.7,29.02,28.25,28.27,3122802
SPR,2024-02-09,28.51,29.16,28.39,29.12,2938350
SPR,2024-02-12,29.1,29.9,29.02,29.86,3290345
SPR,2024-02-13,29.45,29.95,28.7,29.93,2993647
SPR,2024-02-14,30.6,30.81,29.35,29.79,2927132
SPR,2024-02-15,30.02,30.72,30.0,30.27,2263139
SPR,2024-02-16,30.13,30.31,29.905,30.17,2422268
SPR,2024-02-20,30.2,30.53,29.17,29.34,1541170
SPR,2024-02-21,29.24,29.52,29.145,29.28,1524821
SPR,2024-02-22,29.28,29.51,28.8201,29.06,1537028
SPR,2024-02-23,28.92,29.79,28.475,29.25,2005479
SPR,2024-02-26,29.28,29.48,28.3,28.39,1946810
SPR,2024-02-27,28.45,29.24,28.4,29.17,1665278
SPR,2024-02-28,28.87,29.6,28.77,29.5,2083087
SPR,2024-02-29,29.4,29.41,28.433,28.6,2292711
SPR,2024-03-01,28.6,34.0,28.32,32.98,27384889
SPR,2024-03-04,33.58,34.4,32.17,34.34,8588794
SPR,2024-03-05,34.42,35.705,33.9442,35.38,4068380
SPR,2024-03-06,35.1,35.45,34.58,34.96,4420450
SPR,2024-03-07,34.9,35.92,34.7901,35.7,3175623
SPR,2024-03-08,35.7,36.34,35.17,35.78,2461831
SPR,2024-03-11,35.23,35.47,34.23,34.45,4232446
SPR,2024-03-12,33.46,34.26,31.46,31.77,7116181
SPR,2024-03-13,31.75,32.35,31.32,31.42,3138488
SPR,2024-03-14,31.21,31.66,30.76,30.93,3127195
SPR,2024-03-15,30.94,32.45,30.855,32.26,5033131
SPR,2024-03-18,32.29,32.64,31.62,32.53,2162556
SPR,2024-03-19,32.6,33.1,32.4,32.96,1289518
SPR,2024-03-20,33.85,35.45,33.8,35.11,4959505
SPR,2024-03-21,35.03,35.33,34.62,35.26,3801440
SPR,2024-03-22,35.31,35.36,34.46,34.46,2825746
SPR,2024-03-25,35.32,35.63,34.47,34.89,2986763
SPR,2024-03-26,35.16,35.8,34.66,35.12,1750391
SPR,2024-03-27,35.34,35.71,34.62,35.65,1609858
SPR,2024-03-28,35.69,36.25,35.27,36.07,2662789
SPR,2024-04-01,35.75,36.05,34.73,35.44,2008085
SPR,2024-04-02,35.17,35.34,34.54,34.54,1893907
SPR,2024-04-03,34.54,35.16,33.78,33.87,6309123
SPR,2024-04-04,34.2,35.24,33.45,34.03,3794751
SPR,2024-04-05,34.11,34.94,33.9,34.39,2119809
SPR,2024-04-08,34.43,34.63,33.9,33.91,1544099
SPR,2024-04-09,33.8,34.32,33.62,33.63,1789797
SPR,2024-04-10,32.9,34.26,32.7,34.19,1836441
SPR,2024-04-11,34.29,34.76,33.65,34.73,2273401
SPR,2024-04-12,34.65,35.1,33.9,34.27,2645567
SPR,2024-04-15,34.43,34.66,33.41,33.41,2587478
SPR,2024-04-16,33.48,33.97,33.07,33.74,1580155
SPR,2024-04-17,34.01,34.25,33.33,33.37,1137801
SPR,2024-04-18,33.26,34.4,33.15,33.15,2224953
SPR,2024-04-19,33.01,33.44,32.67,32.93,1983926
SPR,2024-04-22,32.95,33.96,32.67,32.9,2594288
SPR,2024-04-23,33.12,33.3,31.6,32.13,4256146
SPR,2024-04-24,33.26,33.71,31.11,31.54,3371105
SPR,2024-04-25,31.0,31.89,30.68,31.81,2549251
SPR,2024-04-26,31.69,32.61,31.41,32.49,1732058
SPR,2024-04-29,32.39,32.78,32.2275,32.61,1416384
SPR,2024-04-30,32.3,32.68,31.705,32.0,1826814
SPR,2024-05-01,32.02,32.68,31.78,32.07,1978635
SPR,2024-05-02,32.85,33.55,32.585,33.02,2206920
SPR,2024-05-03,33.41,33.64,32.79,32.93,2384647
SPR,2024-05-06,32.84,33.29,31.49,33.02,2517921
SPR,2024-05-07,32.0,33.5,31.745,32.91,3633313
SPR,2024-05-08,32.17,32.39,30.82,30.9,3967352
SPR,2024-05-09,30.7,31.25,30.4,30.77,1766256
SPR,2024-05-10,30.81,31.13,30.366,30.49,1478862
SPR,2024-05-13,30.41,30.87,30.17,30.29,2168555
SPR,2024-05-14,30.59,31.09,30.54,30.6,1118468
SPR,2024-05-15,30.66,30.81,30.32,30.51,665056
SPR,2024-05-16,30.46,31.28,30.29,30.99,1760839
SPR,2024-05-17,30.95,31.03,30.315,30.51,1611062
SPR,2024-05-20,30.81,31.515,30.51,31.01,1537774
SPR,2024-05-21,30.97,31.21,30.76,31.19,1427381
SPR,2024-05-22,31.07,31.48,30.86,31.48,1789866
SPR,2024-05-23,31.5,31.6,30.15,30.18,2680821
SPR,2024-05-24,30.46,31.14,29.94,31.08,1626370
SPR,2024-05-28,31.0,31.035,30.3,30.54,2359680
SPR,2024-05-29,30.25,30.4499,30.05,30.19,722650
SPR,2024-05-30,30.45,30.68,30.055,30.32,1048125
SPR,2024-05-31,30.4,30.74,30.12,30.32,1119182
SPR,2024-06-03,30.41,31.4425,30.41,31.11,2009526
SPR,2024-06-04,31.2,31.37,30.304,30.97,1692505
SPR,2024-06-05,30.63,31.31,30.53,31.23,1315368
SPR,2024-06-06,31.0,31.15,30.26,30.45,1465088
SPR,2024-06-07,30.28,30.34,29.93,29.95,2794524
SPR,2024-06-10,29.95,30.37,29.73,29.92,3086281
SPR,2024-06-11,29.72,30.0,29.34,29.73,1898870
SPR,2024-06-12,29.9,30.21,29.43,29.77,1506011
SPR,2024-06-13,29.62,29.83,29.14,29.38,1207453
SPR,2024-06-14,28.97,29.445,28.97,29.35,1657969
SPR,2024-06-17,29.25,30.53,29.15,30.47,1894526
SPR,2024-06-18,30.62,31.29,30.5301,31.14,1765538
SPR,2024-06-20,30.5,32.15,30.19,31.66,3761742
SPR,2024-06-21,33.47,33.99,32.9,33.56,8655612
SPR,2024-06-24,33.34,33.88,31.29,33.07,10162943
SPR,2024-06-25,31.8,31.99,30.845,31.76,11618955
SPR,2024-06-26,31.6,32.595,31.28,32.42,4212902
SPR,2024-06-27,32.43,33.42,32.17,32.82,3695574
SPR,2024-06-28,32.85,33.39,32.49,32.87,3260862
SPR,2024-07-01,34.2,34.41,33.49,33.97,18124028
SPR,2024-07-02,33.7,34.32,33.63,33.88,11513411
SPR,2024-07-03,34.01,34.05,33.625,33.82,2546515
SPR,2024-07-05,33.78,34.24,33.62,34.03,6868883
SPR,2024-07-08,34.11,34.71,34.09,34.37,9731710
SPR,2024-07-09,34.42,34.8,34.355,34.51,5046862
SPR,2024-07-10,34.66,34.85,34.57,34.61,5679346
SPR,2024-07-11,34.71,34.92,34.44,34.49,5418955
SPR,2024-07-12,34.5,34.75,34.305,34.56,3183099
SPR,2024-07-15,34.75,34.95,34.58,34.69,2245263
SPR,2024-07-16,34.64,35.98,34.64,35.88,4349373
SPR,2024-07-17,35.66,36.2,35.54,35.65,2705148
SPR,2024-07-18,35.62,36.15,35.0,35.05,3108204
SPR,2024-07-19,35.05,35.13,34.78,35.01,1533218
SPR,2024-07-22,35.04,35.35,34.52,35.04,3265691
SPR,2024-07-23,35.01,36.26,35.0,35.87,3983397
SPR,2024-07-24,35.69,36.08,35.13,35.22,2208380
SPR,2024-07-25,35.19,36.04,35.19,35.51,1103454
SPR,2024-07-26,35.76,35.9,35.55,35.57,1340492
SPR,2024-07-29,35.6,35.71,35.11,35.47,1557438
SPR,2024-07-30,35.66,36.26,35.66,36.26,3097806
SPR,2024-07-31,36.19,37.08,35.88,36.25,5590790
SPR,2024-08-01,36.28,36.3,35.13,35.28,3135691
SPR,2024-08-02,34.92,34.92,34.07,34.32,2198710
SPR,2024-08-05,33.04,33.97,32.8,33.55,2816474
SPR,2024-08-06,33.2,33.85,32.84,33.45,3977270
SPR,2024-08-07,33.72,33.8,33.161,33.22,3387600
SPR,2024-08-08,33.29,33.94,33.25,33.77,1548272
SPR,2024-08-09,33.79,34.02,33.705,33.85,1808296
SPR,2024-08-12,33.84,34.0,33.715,33.85,1393272
SPR,2024-08-13,33.8,34.325,33.61,34.2,1173528
SPR,2024-08-14,34.26,34.43,34.02,34.21,922022
SPR,2024-08-15,34.5,34.79,34.31,34.69,901199
SPR,2024-08-16,34.75,35.39,34.74,35.27,1228745
SPR,2024-08-19,35.34,35.36,34.97,35.13,943268
SPR,2024-08-20,35.1,35.1,34.395,34.63,1669633
SPR,2024-08-21,34.61,34.87,34.4,34.84,954935
SPR,2024-08-22,34.76,34.94,34.59,34.86,532827
SPR,2024-08-23,34.87,35.275,34.86,35.15,845633
SPR,2024-08-26,35.13,35.13,34.64,34.84,1514663
SPR,2024-08-27,34.77,35.1,34.68,35.0,611164
SPR,2024-08-28,34.9,35.0,34.56,34.68,929074
SPR,2024-08-29,34.8,35.19,34.69,34.94,1331349
SPR,2024-08-30,35.0,35.21,34.87,35.21,1594367
SPR,2024-09-03,34.3,34.725,33.2,33.32,2604924
SPR,2024-09-04,33.29,34.18,33.28,33.75,1272490
SPR,2024-09-05,33.8,33.98,33.42,33.69,1175195
SPR,2024-09-06,33.73,33.85,32.84,32.86,2271170
SPR,2024-09-09,33.52,33.775,33.39,33.74,831088
SPR,2024-09-10,33.7,33.85,33.045,33.39,1353830
SPR,2024-09-11,33.17,33.72,32.89,33.71,1808377
SPR,2024-09-12,33.79,33.94,33.52,33.7,1027257
SPR,2024-09-13,33.61,33.775,33.07,33.27,1827919
SPR,2024-09-16,33.25,33.39,32.84,32.87,966808
SPR,2024-09-17,32.85,33.155,32.81,33.05,681743
SPR,2024-09-18,33.15,33.3,32.91,32.93,1102233
SPR,2024-09-19,33.34,33.44,32.75,32.79,1001419
SPR,2024-09-20,32.76,33.12,32.64,33.12,1440002
SPR,2024-09-23,33.01,33.64,32.76,33.48,1647380
SPR,2024-09-24,33.44,33.44,33.08,33.22,1404698
SPR,2024-09-25,33.23,33.44,32.82,32.84,689812
SPR,2024-09-26,33.03,33.31,32.81,33.08,810084
SPR,2024-09-27,33.15,33.29,32.91,33.11,1883064
SPR,2024-09-30,33.1,33.1,32.455,32.51,2029742
SPR,2024-10-01,32.45,32.99,31.8569,32.92,1761146
SPR,2024-10-02,32.81,33.03,32.6668,32.82,669002
SPR,2024-10-03,32.65,32.76,31.92,32.09,1734009
SPR,2024-10-04,32.3,32.55,31.97,32.55,808068
SPR,2024-10-07,32.49,33.0201,32.415,32.47,868406
SPR,2024-10-08,32.43,32.57,32.095,32.25,1381401
SPR,2024-10-09,32.09,32.175,31.59,31.74,967718
SPR,2024-10-10,31.48,31.59,30.68,30.92,1503440
SPR,2024-10-11,30.92,31.5,30.75,31.46,2607809
SPR,2024-10-14,31.13,31.38,30.64,31.19,1047163
SPR,2024-10-15,31.29,31.95,31.085,31.74,783747
SPR,2024-10-16,31.79,32.13,31.6,32.11,1097949
SPR,2024-10-17,32.17,32.4,32.02,32.21,821608
SPR,2024-10-18,32.17,32.21,31.72,31.73,1120550
SPR,2024-10-21,33.0,33.51,32.61,33.09,1833464
SPR,2024-10-22,32.94,33.08,32.6,32.75,758229
SPR,2024-10-23,32.76,32.93,32.0,32.65,1349084
SPR,2024-10-24,31.51,32.38,31.51,31.66,2626338
SPR,2024-10-25,31.78,32.07,31.32,31.44,1108513
SPR,2024-10-28,31.26,31.87,31.15,31.42,1909309
SPR,2024-10-29,31.3,33.03,31.11,32.79,3338754
SPR,2024-10-30,32.74,33.34,32.645,32.89,1368431
SPR,2024-10-31,32.89,33.066,32.185,32.37,1598528
SPR,2024-11-01,32.88,33.17,32.62,32.9,1167262
SPR,2024-11-04,32.92,33.32,32.6514,32.9,1060092
SPR,2024-11-05,33.4,33.5,32.67,32.73,961103
SPR,2024-11-06,32.8,32.8,28.921,31.1,5326032
SPR,2024-11-07,30.96,31.71,30.565,30.86,3480806
SPR,2024-11-08,30.6,31.33,30.2,31.15,4060655
SPR,2024-11-11,31.5,31.65,30.98,31.01,1276405
SPR,2024-11-12,31.1,31.68,30.62,31.04,2210966
SPR,2024-11-13,31.0,31.27,30.32,30.41,1900075
SPR,2024-11-14,30.5,30.8521,30.02,30.22,1433707
SPR,2024-11-15,30.2,30.72,29.87,30.7,1091251
SPR,2024-11-18,30.71,31.36,30.29,31.34,1256191
SPR,2024-11-19,31.02,31.97,31.02,31.84,1627011
SPR,2024-11-20,31.9,32.145,31.72,31.93,2275866
SPR,2024-11-21,31.92,32.0,31.295,31.38,1507539
SPR,2024-11-22,31.37,32.53,31.37,32.5,1161000
SPR,2024-11-25,32.58,32.95,32.53,32.6,1362378
SPR,2024-11-26,32.53,32.71,32.19,32.35,641742
SPR,2024-11-27,32.39,32.58,32.14,32.53,353300
SPR,2024-11-29,31.5,32.56,31.42,32.36,1477208
SPR,2024-12-02,32.25,32.94,32.25,32.75,1140734
SPR,2024-12-03,32.69,32.74,32.29,32.43,686824
SPR,2024-12-04,32.56,32.95,32.2901,32.95,1229507
SPR,2024-12-05,32.84,32.985,32.4,32.4,477212
SPR,2024-12-06,32.46,32.5,32.06,32.21,827092
SPR,2024-12-09,32.14,32.86,32.05,32.09,1743196
SPR,2024-12-10,32.26,33.26,32.1839,32.58,2872460
SPR,2024-12-11,32.81,33.0,32.3278,32.72,1587085
SPR,2024-12-12,32.72,33.02,32.49,32.49,1287253
SPR,2024-12-13,32.42,33.28,32.42,32.97,1327013
SPR,2024-12-16,32.89,33.63,32.53,33.46,1378225
SPR,2024-12-17,33.14,33.69,32.68,33.12,1743057
SPR,2024-12-18,33.1,33.75,32.34,32.85,1279704
SPR,2024-12-19,32.98,33.56,32.87,33.17,2830772
SPR,2024-12-20,33.17,33.55,32.8,33.26,1977501
SPR,2024-12-23,33.34,33.41,33.02,33.33,578532
SPR,2024-12-24,33.36,33.73,33.235,33.57,577661
SPR,2024-12-26,33.46,34.105,33.23,33.87,820597
SPR,2024-12-27,33.79,34.08,33.69,33.98,501847
SPR,2024-12-30,33.53,34.02,33.395,33.87,697604
SPR,2024-12-31,33.9,34.33,33.6376,34.08,638796
SPR,2025-01-02,34.3,34.43,33.16,33.54,907020
SPR,2025-01-03,33.51,33.67,33.055,33.07,821891
SPR,2025-01-06,33.26,33.46,32.92,33.3,1594618
SPR,2025-01-07,33.48,33.75,33.24,33.62,765465
SPR,2025-01-08,33.44,33.925,33.39,33.91,724938
SPR,2025-01-10,33.8,34.44,33.52,34.21,875065
SPR,2025-01-13,34.05,34.41,33.8735,34.13,1011710
SPR,2025-01-14,34.2,34.395,33.61,33.85,1172393
SPR,2025-01-15,33.73,34.19,33.73,33.78,606273
SPR,2025-01-16,33.87,34.125,33.761,33.77,1392943
SPR,2025-01-17,33.69,34.29,33.69,33.92,1910534
SPR,2025-01-21,34.01,34.5,34.0,34.2,2161447
SPR,2025-01-22,34.2,34.4999,33.93,33.95,635589
SPR,2025-01-23,33.95,34.295,33.81,34.25,577714
SPR,2025-01-24,33.97,34.59,33.97,34.17,1024146
SPR,2025-01-27,34.22,34.58,33.83,33.89,759803
SPR,2025-01-28,34.75,35.0,34.3,34.53,2125374
SPR,2025-01-29,34.61,34.87,33.93,34.06,737138
SPR,2025-01-30,34.12,34.955,34.01,34.88,1114540
SPR,2025-01-31,34.8,35.0699,33.85,34.01,1350505
SPR,2025-02-03,34.04,34.35,33.55,33.85,1779923
SPR,2025-02-04,33.81,34.39,33.78,34.37,1682525
SPR,2025-02-05,34.44,35.04,34.394,35.01,745177
SPR,2025-02-06,34.94,35.15,34.76,34.83,773025
SPR,2025-02-07,34.95,35.065,34.48,34.49,330563
SPR,2025-02-10,34.72,34.78,34.28,34.31,420523
SPR,2025-02-11,34.07,34.75,34.05,34.36,1117169
SPR,2025-02-12,34.32,34.635,34.2,34.5,1105371
SPR,2025-02-13,34.55,34.83,34.4,34.53,371465
SPR,2025-02-14,34.7,34.7,34.28,34.51,451220
SPR,2025-02-18,34.65,35.1,34.545,34.65,1403588
SPR,2025-02-19,34.78,34.84,34.0,34.25,1836559
SPR,2025-02-20,34.38,34.64,34.12,34.45,920078
SPR,2025-02-21,34.5,34.66,33.52,33.92,1675958
SPR,2025-02-24,33.96,34.18,33.57,34.02,767273
SPR,2025-02-25,34.13,34.26,33.8375,33.97,981020
SPR,2025-02-26,33.93,34.12,33.7,33.96,1816871
SPR,2025-02-27,34.08,34.85,34.0,34.46,1893030
SPR,2025-02-28,34.35,34.91,34.35,34.9,1075624
SPR,2025-03-03,35.21,35.47,34.64,34.75,2399682
SPR,2025-03-04,34.46,34.575,33.23,33.46,2100308
SPR,2025-03-05,33.6,33.93,33.485,33.78,949071
SPR,2025-03-06,33.63,33.9,33.36,33.45,1001192
SPR,2025-03-07,33.33,33.53,32.55,33.17,1334306
SPR,2025-03-10,32.72,32.9518,31.88,32.17,1979378
SPR,2025-03-11,32.28,32.975,32.01,32.84,1178601
SPR,2025-03-12,33.06,33.49,32.5,33.33,1025132
SPR,2025-03-13,33.38,33.8,33.11,33.19,708787
SPR,2025-03-14,33.41,33.665,33.1541,33.44,637311
SPR,2025-03-17,33.32,33.86,33.2,33.62,810173
SPR,2025-03-18,33.59,33.99,33.38,33.79,960609
SPR,2025-03-19,34.55,35.23,34.44,35.12,1770286
SPR,2025-03-20,34.86,35.17,34.81,34.99,830452
SPR,2025-03-21,34.99,35.91,34.77,35.61,2674436
SPR,2025-03-24,35.75,35.885,35.455,35.58,823595
SPR,2025-03-25,35.6,35.73,35.43,35.5,880729
SPR,2025-03-26,35.47,35.92,35.2,35.34,663798
SPR,2025-03-27,35.23,35.47,35.12,35.2,423633
SPR,2025-03-28,35.02,35.105,34.62,34.72,1148951
SPR,2025-03-31,34.53,34.8,34.255,34.46,1213027
SPR,2025-04-01,34.32,34.51,33.87,34.25,1142041
SPR,2025-04-02,33.99,34.38,33.89,34.07,705017
SPR,2025-04-03,33.47,33.71,32.33,32.39,2647663
SPR,2025-04-04,31.66,31.9,28.35,29.03,2506330
SPR,2025-04-07,28.23,29.69,27.0,29.17,2711580
SPR,2025-04-08,30.46,31.06,29.4,29.9,3009789
SPR,2025-04-09,29.93,33.27,29.25,33.17,2224584
SPR,2025-04-10,32.5,33.0,31.84,32.86,2228884
SPR,2025-04-11,32.66,32.81,32.09,32.81,1377332
SPR,2025-04-14,33.06,33.25,32.57,32.91,990444
SPR,2025-04-15,32.64,33.28,32.64,33.15,1045611
SPR,2025-04-16,33.17,33.3,32.73,33.23,816720
SPR,2025-04-17,33.28,33.74,33.06,33.47,534175
SPR,2025-04-21,33.38,33.5,32.86,33.29,1002832
SPR,2025-04-22,33.39,34.04,33.13,33.94,2629747
SPR,2025-04-23,34.88,35.17,34.53,34.88,1931864
SPR,2025-04-24,34.9,35.12,34.55,34.81,1919911
SPR,2025-04-25,34.98,35.06,34.56,34.89,1285373
SPR,2025-04-28,35.75,36.03,35.53,35.8,2431897
SPR,2025-04-29,35.8,36.08,35.75,35.99,1174115
SPR,2025-04-30,35.58,36.07,35.58,36.0,1827203
SPR,2025-05-01,35.99,36.19,35.83,35.97,1660522
SPR,2025-05-02,35.8,36.45,35.42,35.95,1331567
SPR,2025-05-05,35.94,36.09,35.75,35.85,2561501
SPR,2025-05-06,35.81,35.83,35.53,35.78,790093
SPR,2025-05-07,35.85,36.05,35.48,35.87,919813
SPR,2025-05-08,36.0,36.7699,35.9,36.46,1029112
SPR,2025-05-09,36.74,36.83,36.32,36.7,1046911
SPR,2025-05-12,37.0,37.09,36.4,36.89,1255690
SPR,2025-05-13,37.0,37.56,36.765,37.3,2043745
SPR,2025-05-14,37.36,37.86,37.11,37.11,1280600
SPR,2025-05-15,37.26,37.5508,37.26,37.45,1270535
SPR,2025-05-16,37.4,37.84,37.2301,37.82,976171
SPR,2025-05-19,37.62,37.88,37.46,37.6,745196
SPR,2025-05-20,37.51,37.85,37.51,37.66,795823
SPR,2025-05-21,37.59,37.655,37.001,37.05,649994
SPR,2025-05-22,37.01,37.39,36.98,37.24,707425
SPR,2025-05-23,37.03,37.25,36.8693,37.12,653134
SPR,2025-05-27,37.32,37.32,36.98,37.1,1297147
SPR,2025-05-28,37.03,37.4,36.9801,37.32,896887
SPR,2025-05-29,37.38,38.33,37.2501,37.79,1467313
SPR,2025-05-30,37.7,37.77,37.335,37.38,908676
SPR,2025-06-02,37.68,38.0,37.55,37.86,764776
SPR,2025-06-03,37.85,38.43,37.71,38.19,1225216
SPR,2025-06-04,38.33,38.38,37.71,37.79,1532452
SPR,2025-06-05,37.95,38.015,37.4,37.68,1114489
SPR,2025-06-06,37.8,37.97,37.52,37.94,456630
SPR,2025-06-09,37.99,38.919,37.89,38.72,1514447
SPR,2025-06-10,38.58,39.0,38.3,38.4,910967
SPR,2025-06-11,38.34,38.52,38.1,38.37,483402
SPR,2025-06-12,37.29,37.72,37.045,37.46,1387145
SPR,2025-06-13,37.44,37.44,36.7282,36.82,1081952
SPR,2025-06-16,37.18,37.39,36.88,37.01,809293
SPR,2025-06-17,36.91,37.2,36.75,37.1,1111792
SPR,2025-06-18,37.07,37.345,36.75,36.86,1261713
SPR,2025-06-20,37.17,37.37,36.74,37.12,2081301
SPR,2025-06-23,37.28,37.28,36.93,37.11,1760666
SPR,2025-06-24,37.27,37.37,36.82,37.01,5520576
SPR,2025-06-25,36.99,37.055,36.71,36.75,385816
SPR,2025-06-26,36.9,37.53,36.775,37.21,786478
SPR,2025-06-27,37.35,38.69,37.18,38.63,1906517
SPR,2025-06-30,38.62,38.75,37.94,38.15,1578495
SPR,2025-07-01,38.32,38.58,37.64,38.35,1583124
SPR,2025-07-02,38.6,38.875,38.3,38.44,967459
SPR,2025-07-03,38.5,39.02,38.5,38.73,310466
SPR,2025-07-07,38.87,39.09,38.41,38.91,742421
SPR,2025-07-08,38.83,39.18,38.46,38.75,617330
SPR,2025-07-09,39.0,40.37,38.895,39.98,1307559
SPR,2025-07-10,39.85,40.19,39.52,39.8,801482
SPR,2025-07-11,39.85,40.39,39.62,39.93,653067
SPR,2025-07-14,40.09,40.74,40.09,40.58,696720
SPR,2025-07-15,40.5,41.14,40.41,40.52,582492
SPR,2025-07-16,40.7,41.04,40.27,40.5,1089059
SPR,2025-07-17,40.75,41.03,40.47,40.71,633908
SPR,2025-07-18,40.88,41.0,40.24,40.56,642537
SPR,2025-07-21,40.61,41.0986,40.5522,40.64,351245
SPR,2025-07-22,40.45,40.965,40.16,40.63,773205
SPR,2025-07-23,40.75,41.61,40.617,41.48,634194
SPR,2025-07-24,41.4,41.56,40.91,40.98,1051260
SPR,2025-07-25,41.0,41.03,40.27,40.99,1349828
SPR,2025-07-28,41.13,41.63,41.0348,41.6,830552
SPR,2025-07-29,42.11,42.33,40.06,40.12,1138064
SPR,2025-07-30,40.29,40.68,39.7,39.82,783360
SPR,2025-07-31,39.77,39.77,39.07,39.4,502653
SPR,2025-08-01,39.06,39.44,38.39,39.11,590982
SPR,2025-08-04,39.0,39.225,38.63,39.0,595252
SPR,2025-08-05,39.04,39.54,38.73,39.29,1228598
SPR,2025-08-06,39.24,39.99,39.22,39.6,476774
SPR,2025-08-07,39.57,40.31,39.57,39.87,772046
SPR,2025-08-08,39.97,40.4524,39.88,39.9,623763
SPR,2025-08-11,39.91,40.11,39.5,39.52,429845
SPR,2025-08-12,39.67,40.57,39.67,40.51,496255
SPR,2025-08-13,40.74,41.19,40.25,40.82,441247
SPR,2025-08-14,40.69,41.05,40.585,40.89,691531
SPR,2025-08-15,40.77,41.39,40.69,41.08,711973
SPR,2025-08-18,41.25,41.25,40.43,40.58,755703
SPR,2025-08-19,40.67,40.72,39.43,39.75,948296
SPR,2025-08-20,39.75,39.775,39.37,39.64,932429
SPR,2025-08-21,39.7,40.1,39.5,39.83,665216
SPR,2025-08-22,40.01,41.53,40.01,40.94,931981
SPR,2025-08-25,41.06,41.06,40.14,40.14,548576
SPR,2025-08-26,40.3,41.51,40.3,41.5,1117463
SPR,2025-08-27,41.6,41.8787,41.23,41.74,931982
SPR,2025-08-28,41.75,41.905,41.62,41.8,426565
SPR,2025-08-29,41.64,42.08,41.44,41.59,787012
SPR,2025-09-02,40.92,42.105,40.81,41.91,855921
SPR,2025-09-03,42.29,42.29,40.915,41.27,1213103
SPR,2025-09-04,41.33,41.42,40.87,41.18,1199960
SPR,2025-09-05,41.32,41.32,40.23,40.84,1277304
SPR,2025-09-08,40.9,41.23,40.665,41.07,967015
SPR,2025-09-09,41.01,41.3,40.595,40.87,455790
SPR,2025-09-10,40.9,41.14,40.21,40.58,693687
SPR,2025-09-11,40.76,40.9,39.24,39.24,1064468
SPR,2025-09-12,39.43,39.73,38.62,38.7,789337
SPR,2025-09-15,38.7,39.1,38.445,38.73,1157943
SPR,2025-09-16,39.02,39.025,38.53,38.61,1098916
SPR,2025-09-17,38.56,39.07,38.26,38.56,956162
SPR,2025-09-18,38.33,38.8,38.215,38.6,742105
SPR,2025-09-19,38.77,38.815,38.13,38.53,3241468
SPR,2025-09-22,38.5,38.5296,37.99,38.16,838283
SPR,2025-09-23,38.78,39.385,38.4801,38.89,814849
SPR,2025-09-24,38.96,39.07,38.525,38.53,923704
SPR,2025-09-25,38.39,38.81,38.1,38.36,662332
SPR,2025-09-26,39.92,40.08,39.31,39.65,806469
SPR,2025-09-29,39.66,39.98,38.66,38.83,781916
SPR,2025-09-30,38.83,38.9122,38.11,38.6,1452601
SPR,2025-10-01,38.47,38.58,38.29,38.5,1123181
SPR,2025-10-02,38.59,39.18,38.59,39.12,791244
SPR,2025-10-03,39.21,39.32,38.65,38.81,841838
SPR,2025-10-06,38.95,39.61,38.7,39.37,571962
SPR,2025-10-07,39.51,40.1,39.26,39.58,673591
SPR,2025-10-08,39.86,40.41,39.68,40.31,573518
SPR,2025-10-09,40.29,40.29,38.58,38.65,1130348
SPR,2025-10-10,38.65,38.93,37.87,38.02,873295
SPR,2025-10-13,38.23,38.89,38.23,38.89,339538
SPR,2025-10-14,38.52,39.24,38.25,38.67,550318
SPR,2025-10-15,38.73,38.85,38.195,38.56,842850
SPR,2025-10-16,38.55,38.7,37.94,38.21,1022630
SPR,2025-10-17,38.09,38.59,38.04,38.33,861968
SPR,2025-10-20,38.7,39.1,38.6,38.9,596088
SPR,2025-10-21,39.09,39.09,38.64,38.82,768695
SPR,2025-10-22,38.77,38.9,38.27,38.56,623694
SPR,2025-10-23,38.81,39.17,38.795,38.9,586103
SPR,2025-10-24,39.39,39.59,39.08,39.48,969697
SPR,2025-10-27,39.74,39.84,39.42,39.68,973578
SPR,2025-10-28,39.73,40.19,39.64,39.74,427316
SPR,2025-10-29,39.47,39.47,37.9,38.08,1363748
SPR,2025-10-30,37.97,37.97,36.18,36.33,2596372
SPR,2025-10-31,36.3,37.0,36.11,36.69,2162088
SPR,2025-11-03,36.25,36.89,35.56,36.49,2010442
SPR,2025-11-04,36.12,36.33,35.915,36.0,1192451
SPR,2025-11-05,35.82,36.26,35.63,35.65,1621912
SPR,2025-11-06,35.65,36.24,35.375,35.65,1237597
SPR,2025-11-07,35.66,35.76,35.17,35.6,1441498
SPR,2025-11-10,35.7,35.75,35.23,35.63,1457474
SPR,2025-11-11,35.75,35.99,35.46,35.85,1285178
SPR,2025-11-12,35.86,36.16,35.51,36.14,811611
SPR,2025-11-13,36.11,36.4399,35.95,36.34,1162214
SPR,2025-11-14,36.15,36.765,36.135,36.6,1579721
SPR,2025-11-17,36.49,36.54,35.77,36.1,990168
SPR,2025-11-18,36.06,36.305,35.763,35.87,803642
SPR,2025-11-19,35.76,35.93,35.225,35.72,2100738
SPR,2025-11-20,36.0,36.06,35.21,35.25,1347182
SPR,2025-11-21,35.03,35.34,34.71,34.82,1227389
SPR,2025-11-24,34.72,35.1,34.62,34.96,1697966
SPR,2025-11-25,35.0,35.745,34.66,35.42,1277515
SPR,2025-11-26,35.59,36.45,35.5,36.13,857324
SPR,2025-11-28,36.28,36.74,36.09,36.73,594634
SPR,2025-12-01,36.65,36.8,35.8,35.85,1399542
SPR,2025-12-02,36.93,37.67,36.51,37.54,2920748
SPR,2025-12-03,37.57,39.52,36.905,39.5,11229872
SPR,2025-12-04,39.74,39.74,38.705,39.41,4730212
SPR,2025-12-05,39.14,39.625,38.77,39.5,11342117
